{"metadata": {"max_degree": 3, "lam_list": [200, 100, 0]}, "results": [{"degree": 1, "lam": 200, "train_mse": 0.03810304183771291, "test_mse": 0.04164984655819728, "y_hat": [0.31008260180977476, 0.31287437166906823, 0.3163038040987001, 0.3103082316628695, 0.2958104067621863, 0.3502689924625931, 0.3262804141040142, 0.31152386256016995, 0.3241239049769659, 0.22857523001760519, 0.330779999258946, 0.32884222829299214, 0.34651883261260513, 0.2717332543372554, 0.3287482067408895, 0.3023190207516188, 0.29489757645656706, 0.3200797049841356, 0.3447398001744425, 0.27994687450168176, 0.17686522247307943, 0.29965018969374363, 0.32607984341213986, 0.3411464331958176, 0.3191414021318066, 0.3504739771634591, 0.38661495978217114, 0.21425204066157089, 0.3083909098981376, 0.3109427660607114, 0.23271651508692423, 0.35797609917343476, 0.2954305012605885, 0.2964425898498404, 0.2766915237508661, 0.2775827812627043, 0.24349699571804304, 0.3208267902534401, 0.3624148640457127, 0.36561638787105083, 0.3088269045706957, 0.32448350908587315, 0.3221674310252111, 0.3337285318709072, 0.30676469068069756, 0.33470311680867065, 0.3078436937725862, 0.335410388707885, 0.3070003793716882, 0.38445264365859444, 0.30330361521876, 0.28906916821870443, 0.3262275588324834, 0.3432700508031747, 0.32526368169383046, 0.32276381193635756, 0.35007191065959875, 0.3567627315857078, 0.33095409435833684, 0.32786602456843505, 0.32797314838100233, 0.26328457059099775, 0.30840447357038836, 0.32461111128284775, 0.35306521427278986, 0.29951794487246763, 0.33549123104158035, 0.27003418922540107, 0.3071578021148634, 0.35158777368804717, 0.34238598034138046, 0.3275937703304567, 0.28905234673877916, 0.31368431063197494, 0.3235442859228678, 0.31340503473339926, 0.30475382743345103, 0.3264445383484496, 0.27443257733687154, 0.30083025092926274, 0.3423525601500924, 0.3265637956033793, 0.3274162608330752, 0.31062381850146314, 0.3286097669670122, 0.31516677874726784, 0.3303269899304624, 0.331205114199534, 0.34556838954992264, 0.32059592581259777, 0.3439009804519473, 0.34304432662300305, 0.3774721111871953, 0.3169456418938617, 0.3028282705093818, 0.33947063601473815, 0.39443815339594096, 0.296654559444247, 0.3749471312761937, 0.3557543955272494, 0.2592308494398769], "train_time": 0.003000974655151367}, {"degree": 1, "lam": 100, "train_mse": 0.030459302997316817, "test_mse": 0.03264623275089524, "y_hat": [0.3198274023698021, 0.33506521118909294, 0.3495813331622361, 0.3390016943460633, 0.30748723873132383, 0.3989428861358253, 0.3596832395239678, 0.3160128310612724, 0.3201395636230903, 0.226094855647609, 0.3421337999695743, 0.3252580768235823, 0.3967123799649863, 0.2517677635513307, 0.35822390601212234, 0.3318428290407038, 0.32253027826818015, 0.3121884901975366, 0.3485901410152426, 0.2489449929099948, 0.14328507965662343, 0.3174054476890709, 0.34098340559893475, 0.38965491131250257, 0.3179684443105302, 0.3924132743672631, 0.4499579130455674, 0.17735006462420316, 0.3366104539485392, 0.3277493827865292, 0.20675018117946367, 0.41783294279850286, 0.32226613510288327, 0.2841832814628616, 0.23563241396231158, 0.27370082993800104, 0.249671034614321, 0.3151316715176618, 0.4183222320615568, 0.4112010629228038, 0.3428265581666866, 0.3101160871979594, 0.3667003474788795, 0.3702219590007326, 0.3330415042693582, 0.3729624117047852, 0.3207064779740544, 0.332633991062951, 0.33121050862284707, 0.4493708409580396, 0.3232765904356578, 0.2568583863330302, 0.3298231678402695, 0.3966612139697719, 0.3604578592184152, 0.30651382333191846, 0.40912817996540823, 0.4162829377694652, 0.3619928886349521, 0.32942793099415846, 0.317060737584126, 0.24123141047865987, 0.3208101855210894, 0.3517747248497029, 0.4056210137654981, 0.2812083750515065, 0.3804437643659191, 0.23577527779913843, 0.27902179136918237, 0.3558335838076299, 0.3858921018591189, 0.3235955963212507, 0.2645067205971012, 0.35429156388733685, 0.35114210549077285, 0.34066387127394765, 0.3306593265003104, 0.37910241018807994, 0.23391831786690595, 0.32134539902740333, 0.3928277082906394, 0.3458958485795378, 0.3136399724110655, 0.32678002639892534, 0.3514577247750597, 0.3059399395658282, 0.355941813924179, 0.3513403964171954, 0.3547077073562781, 0.3388933270144173, 0.38426527301067276, 0.3840623891379086, 0.4329618072278026, 0.36784451002012303, 0.31201769313524896, 0.3870031238523614, 0.42626412183747225, 0.3223219529936771, 0.4280275638627896, 0.39813100863969536, 0.2695305799252736], "train_time": 0.0029888153076171875}, {"degree": 1, "lam": 0, "train_mse": 0.010893306186674705, "test_mse": 0.01858167170448717, "y_hat": [0.2604209006938688, 0.2787376700411056, 0.5867988615196592, 0.39806930893141856, 0.2508280936712507, 0.4955413105457489, 0.3905383045007774, 0.23530830939206637, 0.2884203448164032, 0.2570774877888197, 0.19527531366163997, 0.14249510504009377, 0.6573841908441171, 0.13119405521314415, 0.2650904183160492, 0.38255972441664715, 0.299638148021789, 0.20405080749917323, 0.29669549141640855, -0.08353246751634225, 0.0767243759911469, 0.3030356920251871, 0.08746879190538254, 0.3227751231862794, 0.3045758170605243, 0.5768116340012716, 0.43486513009945416, 0.004319099379357372, 0.2879458953901015, 0.3317721858216266, 0.15168093367828706, 0.6637710876277744, 0.35080418203185904, 0.12034295598813796, -0.3023204350935601, 0.06843864520370546, 0.30741171373825393, 0.14940862435545613, 0.4755946083022076, 0.3604847242847529, 0.47367852466056276, 0.11777836691109606, 0.6424997516933242, 0.5327737229079629, 0.359697537974472, 0.5271406370562316, 0.19575518546705242, 0.2796877761282843, 0.35735382572735247, 0.571548692984542, 0.2272278171510132, -0.1076925519780372, 0.07760319643058289, 0.6384103771864907, 0.45297149774681705, 0.08736902357904158, 0.7761742413781579, 0.6949027374328443, 0.3813963087829369, 0.36396680979850715, 0.19362613511073742, 0.14727613734547512, 0.27347283218320617, 0.377661420050548, 0.3874026549782561, 0.12379891073298777, 0.4485744209450205, -0.18689379237072345, -0.14698631496718798, 0.3174606856614559, 0.4009231540258015, 0.30384475556404844, -0.06212129712177028, 0.481742481967004, 0.2919665333019339, 0.2798828852594365, 0.37505771722110154, 0.6212573460454942, -0.2210986010609527, 0.35455958588266934, 0.6830383619350374, 0.17248646138745075, 0.12620393202150698, 0.25799667904138507, 0.2321852241910467, 0.20109445465083356, 0.37723827814490396, 0.33595776089713547, 0.44473168287429776, 0.18962686656142302, 0.20982409490187393, 0.44546857129627027, 0.5301166525351363, 0.6394129000041437, 0.24184679898422423, 0.6645068874796756, 0.7126001654753159, 0.38873172340622386, 0.7923482124257623, 0.6059537044445538, 0.3635979367775392], "train_time": 0.0020034313201904297}, {"degree": 2, "lam": 200, "train_mse": 0.026887711843597804, "test_mse": 0.031210668444305607,